model,casename,condition,support,meets_minimum_support,joint_flip_rate,original_joint_exact_match,condition_joint_exact_match,delta_joint_exact_match,fine_lv_flip_rate,fine_lv_mean_shift,imprisonment_with_labor_lv_flip_rate,imprisonment_with_labor_lv_mean_shift,imprisonment_without_labor_lv_flip_rate,imprisonment_without_labor_lv_mean_shift
KLUE-RoBERTa,강제추행,neutral,145,True,0.07586206896551724,0.3793103448275862,0.4,0.020689655172413834,0.034482758620689655,0.07586206896551724,0.041379310344827586,-0.05517241379310345,0.0,0.0
KLUE-RoBERTa,강제추행,lenient,145,True,0.05517241379310345,0.3793103448275862,0.41379310344827586,0.03448275862068967,0.013793103448275862,-0.041379310344827586,0.041379310344827586,-0.08275862068965517,0.0,0.0
KLUE-RoBERTa,강제추행,severe,145,True,0.08275862068965517,0.3793103448275862,0.43448275862068964,0.05517241379310345,0.034482758620689655,-0.10344827586206896,0.04827586206896552,-0.07586206896551724,0.0,0.0
KLUE-RoBERTa,공무집행방해,neutral,150,True,0.0,0.64,0.64,0.0,0.0,0.0,0.0,0.0,0.0,0.0
KLUE-RoBERTa,공무집행방해,lenient,150,True,0.0,0.64,0.64,0.0,0.0,0.0,0.0,0.0,0.0,0.0
KLUE-RoBERTa,공무집행방해,severe,150,True,0.0,0.64,0.64,0.0,0.0,0.0,0.0,0.0,0.0,0.0
KLUE-RoBERTa,교통사고처리특례법위반(치상),neutral,149,True,0.013422818791946308,0.4899328859060403,0.48322147651006714,-0.006711409395973145,0.013422818791946308,0.040268456375838924,0.0,0.0,0.0,0.0
KLUE-RoBERTa,교통사고처리특례법위반(치상),lenient,149,True,0.006711409395973154,0.4899328859060403,0.48322147651006714,-0.006711409395973145,0.006711409395973154,0.020134228187919462,0.0,0.0,0.0,0.0
KLUE-RoBERTa,교통사고처리특례법위반(치상),severe,149,True,0.0,0.4899328859060403,0.4899328859060403,0.0,0.0,0.0,0.0,0.0,0.0,0.0
KLUE-RoBERTa,도로교통법위반(음주운전),neutral,150,True,0.03333333333333333,0.41333333333333333,0.38666666666666666,-0.026666666666666672,0.03333333333333333,0.13333333333333333,0.0,0.0,0.0,0.0
KLUE-RoBERTa,도로교통법위반(음주운전),lenient,150,True,0.08,0.41333333333333333,0.4866666666666667,0.07333333333333336,0.08,-0.32,0.0,0.0,0.0,0.0
KLUE-RoBERTa,도로교통법위반(음주운전),severe,150,True,0.06666666666666667,0.41333333333333333,0.4533333333333333,0.03999999999999998,0.06666666666666667,-0.16,0.0,0.0,0.0,0.0
KLUE-RoBERTa,사기,neutral,105,True,0.12380952380952381,0.34285714285714286,0.3047619047619048,-0.03809523809523807,0.08571428571428572,0.08571428571428572,0.05714285714285714,-0.05714285714285714,0.0,0.0
KLUE-RoBERTa,사기,lenient,105,True,0.12380952380952381,0.34285714285714286,0.3047619047619048,-0.03809523809523807,0.047619047619047616,0.09523809523809523,0.10476190476190476,-0.11428571428571428,0.0,0.0
KLUE-RoBERTa,사기,severe,105,True,0.12380952380952381,0.34285714285714286,0.3047619047619048,-0.03809523809523807,0.02857142857142857,0.01904761904761905,0.10476190476190476,-0.08571428571428572,0.0,0.0
KLUE-RoBERTa,상해,neutral,149,True,0.087248322147651,0.46308724832214765,0.436241610738255,-0.026845637583892634,0.06711409395973154,0.03355704697986577,0.04697986577181208,-0.087248322147651,0.0,0.0
KLUE-RoBERTa,상해,lenient,149,True,0.09395973154362416,0.46308724832214765,0.44966442953020136,-0.01342281879194629,0.053691275167785234,0.053691275167785234,0.053691275167785234,-0.0738255033557047,0.0,0.0
KLUE-RoBERTa,상해,severe,149,True,0.12080536912751678,0.46308724832214765,0.436241610738255,-0.026845637583892634,0.04697986577181208,0.013422818791946308,0.0738255033557047,-0.08053691275167785,0.0,0.0
KLUE-RoBERTa,폭행,neutral,150,True,0.06666666666666667,0.5066666666666667,0.5066666666666667,0.0,0.06666666666666667,-0.02666666666666667,0.0,0.0,0.0,0.0
KLUE-RoBERTa,폭행,lenient,150,True,0.1,0.5066666666666667,0.4866666666666667,-0.020000000000000018,0.09333333333333334,0.07333333333333333,0.006666666666666667,0.006666666666666667,0.0,0.0
KLUE-RoBERTa,폭행,severe,150,True,0.13333333333333333,0.5066666666666667,0.48,-0.026666666666666727,0.11333333333333333,0.07333333333333333,0.02,0.02,0.0,0.0
KoELECTRA,강제추행,neutral,145,True,0.1724137931034483,0.36551724137931035,0.3931034482758621,0.027586206896551724,0.06896551724137931,0.20689655172413793,0.10344827586206896,-0.2,0.0,0.0
KoELECTRA,강제추행,lenient,145,True,0.15172413793103448,0.36551724137931035,0.41379310344827586,0.0482758620689655,0.027586206896551724,0.08275862068965517,0.12413793103448276,-0.2413793103448276,0.0,0.0
KoELECTRA,강제추행,severe,145,True,0.15862068965517243,0.36551724137931035,0.42758620689655175,0.06206896551724139,0.020689655172413793,0.06206896551724138,0.13793103448275862,-0.2689655172413793,0.0,0.0
KoELECTRA,공무집행방해,neutral,150,True,0.0,0.62,0.62,0.0,0.0,0.0,0.0,0.0,0.0,0.0
KoELECTRA,공무집행방해,lenient,150,True,0.0,0.62,0.62,0.0,0.0,0.0,0.0,0.0,0.0,0.0
KoELECTRA,공무집행방해,severe,150,True,0.006666666666666667,0.62,0.62,0.0,0.0,0.0,0.006666666666666667,-0.013333333333333334,0.0,0.0
KoELECTRA,교통사고처리특례법위반(치상),neutral,149,True,0.006711409395973154,0.48322147651006714,0.47651006711409394,-0.0067114093959732,0.006711409395973154,-0.006711409395973154,0.0,0.0,0.0,0.0
KoELECTRA,교통사고처리특례법위반(치상),lenient,149,True,0.013422818791946308,0.48322147651006714,0.47651006711409394,-0.0067114093959732,0.013422818791946308,0.006711409395973154,0.0,0.0,0.0,0.0
KoELECTRA,교통사고처리특례법위반(치상),severe,149,True,0.006711409395973154,0.48322147651006714,0.48322147651006714,0.0,0.006711409395973154,0.013422818791946308,0.0,0.0,0.0,0.0
KoELECTRA,도로교통법위반(음주운전),neutral,150,True,0.013333333333333334,0.6933333333333334,0.7,0.006666666666666599,0.006666666666666667,0.02,0.006666666666666667,-0.02,0.0,0.0
KoELECTRA,도로교통법위반(음주운전),lenient,150,True,0.006666666666666667,0.6933333333333334,0.6933333333333334,0.0,0.0,0.0,0.006666666666666667,-0.02,0.0,0.0
KoELECTRA,도로교통법위반(음주운전),severe,150,True,0.006666666666666667,0.6933333333333334,0.6933333333333334,0.0,0.0,0.0,0.006666666666666667,-0.02,0.0,0.0
KoELECTRA,사기,neutral,104,True,0.0673076923076923,0.4326923076923077,0.4326923076923077,0.0,0.009615384615384616,0.019230769230769232,0.057692307692307696,-0.057692307692307696,0.0,0.0
KoELECTRA,사기,lenient,104,True,0.10576923076923077,0.4326923076923077,0.4326923076923077,0.0,0.038461538461538464,0.07692307692307693,0.07692307692307693,-0.07692307692307693,0.0,0.0
KoELECTRA,사기,severe,104,True,0.10576923076923077,0.4326923076923077,0.4230769230769231,-0.009615384615384637,0.028846153846153848,0.057692307692307696,0.07692307692307693,-0.07692307692307693,0.0,0.0
KoELECTRA,상해,neutral,149,True,0.0738255033557047,0.4228187919463087,0.436241610738255,0.01342281879194629,0.040268456375838924,0.03355704697986577,0.040268456375838924,-0.06040268456375839,0.0,0.0
KoELECTRA,상해,lenient,149,True,0.11409395973154363,0.4228187919463087,0.4429530201342282,0.02013422818791949,0.053691275167785234,0.06711409395973154,0.06711409395973154,-0.11409395973154363,0.0,0.0
KoELECTRA,상해,severe,149,True,0.1342281879194631,0.4228187919463087,0.4563758389261745,0.03355704697986578,0.06711409395973154,0.03355704697986577,0.08053691275167785,-0.14093959731543623,0.0,0.0
KoELECTRA,폭행,neutral,150,True,0.08,0.5266666666666666,0.5333333333333333,0.00666666666666671,0.04,0.02,0.04666666666666667,-0.06666666666666667,0.0,0.0
KoELECTRA,폭행,lenient,150,True,0.09333333333333334,0.5266666666666666,0.5266666666666666,0.0,0.05333333333333334,0.02,0.04666666666666667,-0.06666666666666667,0.0,0.0
KoELECTRA,폭행,severe,150,True,0.09333333333333334,0.5266666666666666,0.5333333333333333,0.00666666666666671,0.05333333333333334,0.03333333333333333,0.05333333333333334,-0.07333333333333333,0.0,0.0
