model,casename,support,meets_minimum_support,joint_exact_match,fine_lv_accuracy,fine_lv_macro_f1,imprisonment_with_labor_lv_accuracy,imprisonment_with_labor_lv_macro_f1,imprisonment_without_labor_lv_accuracy,imprisonment_without_labor_lv_macro_f1,mean_macro_f1
KLUE-RoBERTa,강제추행,145,True,0.3793103448275862,0.5241379310344828,0.203475935828877,0.5517241379310345,0.18610892166798032,1.0,0.2,0.1965282858322858
KLUE-RoBERTa,공무집행방해,150,True,0.64,0.7666666666666667,0.17358490566037738,0.6466666666666666,0.13991947080816794,1.0,0.2,0.17116812548951513
KLUE-RoBERTa,교통사고처리특례법위반(치상),149,True,0.4899328859060403,0.6375838926174496,0.26839415830127905,1.0,0.16666666666666666,0.5771812080536913,0.24,0.22502027498931523
KLUE-RoBERTa,도로교통법위반(음주운전),150,True,0.41333333333333333,0.6066666666666667,0.17111700559976423,0.6933333333333334,0.13648293963254593,1.0,0.2,0.16919998174410336
KLUE-RoBERTa,사기,105,True,0.34285714285714286,0.638095238095238,0.21209150326797385,0.44761904761904764,0.22095207853721785,1.0,0.2,0.21101452726839723
KLUE-RoBERTa,상해,149,True,0.46308724832214765,0.5838926174496645,0.34289668352636865,0.6308724832214765,0.25430984253420363,1.0,0.2,0.2657355086868574
KLUE-RoBERTa,폭행,150,True,0.5066666666666667,0.5266666666666666,0.2741015957473918,0.82,0.22374581939799332,1.0,0.2,0.2326158050484617
KoELECTRA,강제추행,145,True,0.36551724137931035,0.5655172413793104,0.23754723091870886,0.5103448275862069,0.18246345791486016,1.0,0.2,0.20667022961118967
KoELECTRA,공무집행방해,150,True,0.62,0.7533333333333333,0.17186311787072245,0.62,0.128099173553719,1.0,0.2,0.16665409714148047
KoELECTRA,교통사고처리특례법위반(치상),149,True,0.48322147651006714,0.6241610738255033,0.2525899729561057,1.0,0.16666666666666666,0.5637583892617449,0.23340501792114693,0.21755388584797308
KoELECTRA,도로교통법위반(음주운전),150,True,0.6933333333333334,0.8933333333333333,0.18873239436619718,0.7,0.15663024102921802,1.0,0.2,0.1817875451318051
KoELECTRA,사기,104,True,0.4326923076923077,0.75,0.22077310924369747,0.49038461538461536,0.32094113344113345,1.0,0.2,0.24723808089494362
KoELECTRA,상해,149,True,0.4228187919463087,0.5503355704697986,0.2897823869432166,0.5838926174496645,0.3360298463356974,1.0,0.2,0.27527074442630467
KoELECTRA,폭행,150,True,0.5266666666666666,0.5533333333333333,0.2952909887359199,0.78,0.21108419139915202,1.0,0.2,0.2354583933783573
