model,target_subset,analysis_scope,condition,metric,n_recipients,prediction_repetitions,estimate,ci_low,ci_high
klue_original_audit42,fine_lv,primary,original,mean_macro_f1,68,1,0.2037338751816323,0.1684808514111904,0.2355444186308317
klue_original_audit42,fine_lv,primary,original,joint_em,68,1,0.3235294117647059,0.2058823529411764,0.4411764705882353
klue_original_audit42,fine_lv,primary,removed,mean_macro_f1,68,1,0.1848587570621468,0.1546250361320219,0.2080050621981783
klue_original_audit42,fine_lv,primary,removed,joint_em,68,1,0.2058823529411764,0.1176470588235294,0.3088235294117647
klue_original_audit42,fine_lv,primary,same_label,mean_macro_f1,68,10,0.2123506943918575,0.1752810497018685,0.245825082034954
klue_original_audit42,fine_lv,primary,same_label,joint_em,68,10,0.3338235294117647,0.2205882352941176,0.4558823529411764
klue_original_audit42,fine_lv,primary,different_label,mean_macro_f1,68,10,0.1945746477434731,0.1606785028362826,0.2243659229619378
klue_original_audit42,fine_lv,primary,different_label,joint_em,68,10,0.2985294117647059,0.1911397058823529,0.4117647058823529
klue_original_audit42,imprisonment_with_labor_lv,primary,original,mean_macro_f1,215,1,0.2199398846319833,0.2143858272296547,0.2252043468155596
klue_original_audit42,imprisonment_with_labor_lv,primary,original,joint_em,215,1,0.6093023255813953,0.5441860465116279,0.6790697674418604
klue_original_audit42,imprisonment_with_labor_lv,primary,removed,mean_macro_f1,215,1,0.2059356799968434,0.1940934766516887,0.2192079118893595
klue_original_audit42,imprisonment_with_labor_lv,primary,removed,joint_em,215,1,0.4372093023255814,0.3767441860465116,0.5069767441860465
klue_original_audit42,imprisonment_with_labor_lv,primary,same_label,mean_macro_f1,215,10,0.220118468435426,0.2147152531257173,0.2252781617895128
klue_original_audit42,imprisonment_with_labor_lv,primary,same_label,joint_em,215,10,0.6120930232558139,0.5460116279069768,0.6795697674418605
klue_original_audit42,imprisonment_with_labor_lv,primary,different_label,mean_macro_f1,215,10,0.2178816336498893,0.2124673025589685,0.2235081434800539
klue_original_audit42,imprisonment_with_labor_lv,primary,different_label,joint_em,215,10,0.5865116279069768,0.5223023255813953,0.6562906976744186
klue_original_audit42,imprisonment_without_labor_lv,exploratory,original,mean_macro_f1,5,1,0.1722222222222222,0.1444444444444444,0.1888888888888888
klue_original_audit42,imprisonment_without_labor_lv,exploratory,original,joint_em,5,1,0.6,0.2,1.0
klue_original_audit42,imprisonment_without_labor_lv,exploratory,removed,mean_macro_f1,5,1,0.1529100529100529,0.1055555555555555,0.1814814814814815
klue_original_audit42,imprisonment_without_labor_lv,exploratory,removed,joint_em,5,1,0.4,0.0,0.8
klue_original_audit42,imprisonment_without_labor_lv,exploratory,same_label,mean_macro_f1,5,10,0.1722222222222222,0.1444444444444444,0.1888888888888888
klue_original_audit42,imprisonment_without_labor_lv,exploratory,same_label,joint_em,5,10,0.6,0.2,1.0
klue_original_audit42,imprisonment_without_labor_lv,exploratory,different_label,mean_macro_f1,5,10,0.1722222222222222,0.1444444444444444,0.1888888888888888
klue_original_audit42,imprisonment_without_labor_lv,exploratory,different_label,joint_em,5,10,0.6,0.2,1.0
klue_seed13,fine_lv,primary,original,mean_macro_f1,68,1,0.2467230593003789,0.2103877192175776,0.2727578876688164
klue_seed13,fine_lv,primary,original,joint_em,68,1,0.3970588235294117,0.2794117647058823,0.5294117647058824
klue_seed13,fine_lv,primary,removed,mean_macro_f1,68,1,0.2049532042667054,0.1747990223190758,0.2286011164576347
klue_seed13,fine_lv,primary,removed,joint_em,68,1,0.3235294117647059,0.2205882352941176,0.4411764705882353
klue_seed13,fine_lv,primary,same_label,mean_macro_f1,68,10,0.2465175393756156,0.2106674455910905,0.2725227474931705
klue_seed13,fine_lv,primary,same_label,joint_em,68,10,0.3926470588235294,0.2794117647058823,0.5161764705882353
klue_seed13,fine_lv,primary,different_label,mean_macro_f1,68,10,0.229291199083771,0.18978221474375,0.2607123376554209
klue_seed13,fine_lv,primary,different_label,joint_em,68,10,0.3573529411764706,0.246985294117647,0.4764705882352941
klue_seed13,imprisonment_with_labor_lv,primary,original,mean_macro_f1,215,1,0.2336384687903678,0.2239567753791631,0.2470344178586219
klue_seed13,imprisonment_with_labor_lv,primary,original,joint_em,215,1,0.772093023255814,0.7162790697674418,0.827906976744186
klue_seed13,imprisonment_with_labor_lv,primary,removed,mean_macro_f1,215,1,0.2051989894466383,0.1915012448439065,0.2199195205419272
klue_seed13,imprisonment_with_labor_lv,primary,removed,joint_em,215,1,0.4697674418604651,0.4046511627906977,0.5395348837209303
klue_seed13,imprisonment_with_labor_lv,primary,same_label,mean_macro_f1,215,10,0.2333426015872088,0.2234636349989387,0.2467756343941792
klue_seed13,imprisonment_with_labor_lv,primary,same_label,joint_em,215,10,0.770232558139535,0.7176511627906977,0.8260465116279071
klue_seed13,imprisonment_with_labor_lv,primary,different_label,mean_macro_f1,215,10,0.2250732786080709,0.2198272222073047,0.2299726019017221
klue_seed13,imprisonment_with_labor_lv,primary,different_label,joint_em,215,10,0.7404651162790697,0.6855581395348838,0.7976860465116279
klue_seed13,imprisonment_without_labor_lv,exploratory,original,mean_macro_f1,5,1,0.1722222222222222,0.1444444444444444,0.1888888888888888
klue_seed13,imprisonment_without_labor_lv,exploratory,original,joint_em,5,1,0.6,0.2,1.0
klue_seed13,imprisonment_without_labor_lv,exploratory,removed,mean_macro_f1,5,1,0.1722222222222222,0.1444444444444444,0.1888888888888888
klue_seed13,imprisonment_without_labor_lv,exploratory,removed,joint_em,5,1,0.6,0.2,1.0
klue_seed13,imprisonment_without_labor_lv,exploratory,same_label,mean_macro_f1,5,10,0.1662962962962963,0.1385185185185185,0.182962962962963
klue_seed13,imprisonment_without_labor_lv,exploratory,same_label,joint_em,5,10,0.44,0.04,0.8400000000000001
klue_seed13,imprisonment_without_labor_lv,exploratory,different_label,mean_macro_f1,5,10,0.1722222222222222,0.1444444444444444,0.1888888888888888
klue_seed13,imprisonment_without_labor_lv,exploratory,different_label,joint_em,5,10,0.6,0.2,1.0
klue_seed42_retrained,fine_lv,primary,original,mean_macro_f1,68,1,0.2311469391950428,0.1899195623624055,0.2591345324042753
klue_seed42_retrained,fine_lv,primary,original,joint_em,68,1,0.3382352941176471,0.2352941176470588,0.4558823529411764
klue_seed42_retrained,fine_lv,primary,removed,mean_macro_f1,68,1,0.2301748080894059,0.1947074642730418,0.2580201873408031
klue_seed42_retrained,fine_lv,primary,removed,joint_em,68,1,0.3676470588235294,0.2647058823529412,0.4852941176470588
klue_seed42_retrained,fine_lv,primary,same_label,mean_macro_f1,68,10,0.2303139933993087,0.1884373440304436,0.2579597765383388
klue_seed42_retrained,fine_lv,primary,same_label,joint_em,68,10,0.3191176470588235,0.2088235294117646,0.438235294117647
klue_seed42_retrained,fine_lv,primary,different_label,mean_macro_f1,68,10,0.2156447406230829,0.1765066167186456,0.2444867722892965
klue_seed42_retrained,fine_lv,primary,different_label,joint_em,68,10,0.2867647058823529,0.1837867647058823,0.3955882352941176
klue_seed42_retrained,imprisonment_with_labor_lv,primary,original,mean_macro_f1,215,1,0.2334707793173771,0.2242612983854854,0.2454381378364808
klue_seed42_retrained,imprisonment_with_labor_lv,primary,original,joint_em,215,1,0.7767441860465116,0.7209302325581395,0.8325581395348837
klue_seed42_retrained,imprisonment_with_labor_lv,primary,removed,mean_macro_f1,215,1,0.2102785158224289,0.1997646730436584,0.2218432383820286
klue_seed42_retrained,imprisonment_with_labor_lv,primary,removed,joint_em,215,1,0.5255813953488372,0.4604651162790698,0.5953488372093023
klue_seed42_retrained,imprisonment_with_labor_lv,primary,same_label,mean_macro_f1,215,10,0.2340709624294672,0.2252513033996221,0.2462921027691967
klue_seed42_retrained,imprisonment_with_labor_lv,primary,same_label,joint_em,215,10,0.7823255813953488,0.729279069767442,0.8381860465116278
klue_seed42_retrained,imprisonment_with_labor_lv,primary,different_label,mean_macro_f1,215,10,0.2264154680813523,0.221340150778238,0.2312646115086795
klue_seed42_retrained,imprisonment_with_labor_lv,primary,different_label,joint_em,215,10,0.7525581395348838,0.6948837209302325,0.8125697674418605
klue_seed42_retrained,imprisonment_without_labor_lv,exploratory,original,mean_macro_f1,5,1,0.1722222222222222,0.1444444444444444,0.1888888888888888
klue_seed42_retrained,imprisonment_without_labor_lv,exploratory,original,joint_em,5,1,0.6,0.2,1.0
klue_seed42_retrained,imprisonment_without_labor_lv,exploratory,removed,mean_macro_f1,5,1,0.1277777777777777,0.0777777777777777,0.1648148148148148
klue_seed42_retrained,imprisonment_without_labor_lv,exploratory,removed,joint_em,5,1,0.2,0.0,0.6
klue_seed42_retrained,imprisonment_without_labor_lv,exploratory,same_label,mean_macro_f1,5,10,0.1722222222222222,0.1444444444444444,0.1888888888888888
klue_seed42_retrained,imprisonment_without_labor_lv,exploratory,same_label,joint_em,5,10,0.6,0.2,1.0
klue_seed42_retrained,imprisonment_without_labor_lv,exploratory,different_label,mean_macro_f1,5,10,0.1722222222222222,0.1444444444444444,0.1888888888888888
klue_seed42_retrained,imprisonment_without_labor_lv,exploratory,different_label,joint_em,5,10,0.6,0.2,1.0
klue_seed100,fine_lv,primary,original,mean_macro_f1,68,1,0.2230807788702525,0.1794267228630582,0.2549592987286308
klue_seed100,fine_lv,primary,original,joint_em,68,1,0.3235294117647059,0.2205882352941176,0.4411764705882353
klue_seed100,fine_lv,primary,removed,mean_macro_f1,68,1,0.2386534636151004,0.2034372843159769,0.2636872025076875
klue_seed100,fine_lv,primary,removed,joint_em,68,1,0.4705882352941176,0.3529411764705882,0.5882352941176471
klue_seed100,fine_lv,primary,same_label,mean_macro_f1,68,10,0.2209557172116332,0.1764732737957969,0.252858610687536
klue_seed100,fine_lv,primary,same_label,joint_em,68,10,0.3073529411764705,0.204375,0.425
klue_seed100,fine_lv,primary,different_label,mean_macro_f1,68,10,0.2039147145115051,0.1640257222965205,0.2361283184174888
klue_seed100,fine_lv,primary,different_label,joint_em,68,10,0.2735294117647059,0.1764705882352941,0.3823529411764705
klue_seed100,imprisonment_with_labor_lv,primary,original,mean_macro_f1,215,1,0.2335150720720177,0.2236366455813803,0.2465138338733495
klue_seed100,imprisonment_with_labor_lv,primary,original,joint_em,215,1,0.772093023255814,0.7208139534883721,0.827906976744186
klue_seed100,imprisonment_with_labor_lv,primary,removed,mean_macro_f1,215,1,0.201356301740083,0.1850718907202145,0.2187799807802719
klue_seed100,imprisonment_with_labor_lv,primary,removed,joint_em,215,1,0.427906976744186,0.3673255813953489,0.4976744186046511
klue_seed100,imprisonment_with_labor_lv,primary,same_label,mean_macro_f1,215,10,0.2337188561161749,0.2238652231360692,0.2468755959483406
klue_seed100,imprisonment_with_labor_lv,primary,same_label,joint_em,215,10,0.7744186046511627,0.721860465116279,0.8293139534883721
klue_seed100,imprisonment_with_labor_lv,primary,different_label,mean_macro_f1,215,10,0.2254377951668812,0.2203651134124438,0.2302315839307414
klue_seed100,imprisonment_with_labor_lv,primary,different_label,joint_em,215,10,0.743720930232558,0.6897674418604651,0.7991046511627907
klue_seed100,imprisonment_without_labor_lv,exploratory,original,mean_macro_f1,5,1,0.1722222222222222,0.1444444444444444,0.1888888888888888
klue_seed100,imprisonment_without_labor_lv,exploratory,original,joint_em,5,1,0.6,0.2,1.0
klue_seed100,imprisonment_without_labor_lv,exploratory,removed,mean_macro_f1,5,1,0.1529100529100529,0.1055555555555555,0.1814814814814815
klue_seed100,imprisonment_without_labor_lv,exploratory,removed,joint_em,5,1,0.4,0.0,0.8
klue_seed100,imprisonment_without_labor_lv,exploratory,same_label,mean_macro_f1,5,10,0.1648148148148148,0.137037037037037,0.1814814814814815
klue_seed100,imprisonment_without_labor_lv,exploratory,same_label,joint_em,5,10,0.4,0.0,0.8
klue_seed100,imprisonment_without_labor_lv,exploratory,different_label,mean_macro_f1,5,10,0.1612433862433862,0.1286507936507936,0.1814814814814815
klue_seed100,imprisonment_without_labor_lv,exploratory,different_label,joint_em,5,10,0.4,0.0,0.8
koelectra_seed42,fine_lv,primary,original,mean_macro_f1,68,1,0.2171716420991783,0.1751008846904819,0.2476402757741588
koelectra_seed42,fine_lv,primary,original,joint_em,68,1,0.2647058823529412,0.1617647058823529,0.3823529411764705
koelectra_seed42,fine_lv,primary,removed,mean_macro_f1,68,1,0.2123782382403583,0.1785304424195513,0.2374534654816393
koelectra_seed42,fine_lv,primary,removed,joint_em,68,1,0.3529411764705882,0.2352941176470588,0.4705882352941176
koelectra_seed42,fine_lv,primary,same_label,mean_macro_f1,68,10,0.2279114356011201,0.1888692497758869,0.2558757035038739
koelectra_seed42,fine_lv,primary,same_label,joint_em,68,10,0.2897058823529412,0.188235294117647,0.4044117647058823
koelectra_seed42,fine_lv,primary,different_label,mean_macro_f1,68,10,0.2105257794666031,0.1679206011170455,0.2407898268968221
koelectra_seed42,fine_lv,primary,different_label,joint_em,68,10,0.2441176470588235,0.1470588235294117,0.3558823529411765
koelectra_seed42,imprisonment_with_labor_lv,primary,original,mean_macro_f1,215,1,0.2288140121940267,0.2238944692780659,0.2334139274397893
koelectra_seed42,imprisonment_with_labor_lv,primary,original,joint_em,215,1,0.786046511627907,0.7348837209302326,0.8418604651162791
koelectra_seed42,imprisonment_with_labor_lv,primary,removed,mean_macro_f1,215,1,0.2184207311385657,0.2039863970327875,0.2325288922421462
koelectra_seed42,imprisonment_with_labor_lv,primary,removed,joint_em,215,1,0.5581395348837209,0.4975581395348837,0.6325581395348837
koelectra_seed42,imprisonment_with_labor_lv,primary,same_label,mean_macro_f1,215,10,0.235477438177693,0.2257526898558698,0.249191114497987
koelectra_seed42,imprisonment_with_labor_lv,primary,same_label,joint_em,215,10,0.7916279069767441,0.7418604651162791,0.8479069767441861
koelectra_seed42,imprisonment_with_labor_lv,primary,different_label,mean_macro_f1,215,10,0.2275768774100572,0.2228517583788997,0.2322534751329026
koelectra_seed42,imprisonment_with_labor_lv,primary,different_label,joint_em,215,10,0.7688372093023257,0.718593023255814,0.8256279069767442
koelectra_seed42,imprisonment_without_labor_lv,exploratory,original,mean_macro_f1,5,1,0.1722222222222222,0.1444444444444444,0.1888888888888888
koelectra_seed42,imprisonment_without_labor_lv,exploratory,original,joint_em,5,1,0.6,0.2,1.0
koelectra_seed42,imprisonment_without_labor_lv,exploratory,removed,mean_macro_f1,5,1,0.138095238095238,0.0777777777777777,0.1722222222222222
koelectra_seed42,imprisonment_without_labor_lv,exploratory,removed,joint_em,5,1,0.2,0.0,0.6
koelectra_seed42,imprisonment_without_labor_lv,exploratory,same_label,mean_macro_f1,5,10,0.1722222222222222,0.1444444444444444,0.1888888888888888
koelectra_seed42,imprisonment_without_labor_lv,exploratory,same_label,joint_em,5,10,0.6,0.2,1.0
koelectra_seed42,imprisonment_without_labor_lv,exploratory,different_label,mean_macro_f1,5,10,0.1722222222222222,0.1444444444444444,0.1888888888888888
koelectra_seed42,imprisonment_without_labor_lv,exploratory,different_label,joint_em,5,10,0.6,0.2,1.0
