model,target,analysis_scope,metric,n_recipients,n_valid_recipients,difference_pp,ci_low_pp,ci_high_pp
klue_original_audit42,fine_lv,primary,target_flip,68,68,1.02941176470588,-1.91544117647058,5.59191176470587
klue_original_audit42,fine_lv,primary,different_donor_probability_change,68,68,0.86311987464261,0.16469583027612,1.82480234333642
klue_original_audit42,fine_lv,primary,new_different_donor_conversion,68,65,0.46153846153846,-1.53846153846153,2.87878787878787
klue_original_audit42,imprisonment_with_labor_lv,primary,target_flip,215,215,2.46511627906976,0.41744186046511,4.88488372093023
klue_original_audit42,imprisonment_with_labor_lv,primary,different_donor_probability_change,215,215,0.40043265654077,0.1185355728974,0.7858713771427699
klue_original_audit42,imprisonment_with_labor_lv,primary,new_different_donor_conversion,215,191,1.2958115183246,-0.06650723518645,3.18074454514045
klue_original_audit42,imprisonment_without_labor_lv,exploratory,target_flip,5,5,0.0,0.0,0.0
klue_original_audit42,imprisonment_without_labor_lv,exploratory,different_donor_probability_change,5,5,0.0062140226364135,-0.47956123799085,0.5704404264688401
klue_original_audit42,imprisonment_without_labor_lv,exploratory,new_different_donor_conversion,5,5,0.0,0.0,0.0
klue_seed13,fine_lv,primary,target_flip,68,68,3.23529411764705,0.0,7.941176470588231
klue_seed13,fine_lv,primary,different_donor_probability_change,68,68,0.36239012254073,-0.49544201788547,1.56441333583857
klue_seed13,fine_lv,primary,new_different_donor_conversion,68,66,0.3030303030303,-0.44776119402985,1.36363636363636
klue_seed13,imprisonment_with_labor_lv,primary,target_flip,215,215,3.62790697674418,1.48837209302325,6.23255813953488
klue_seed13,imprisonment_with_labor_lv,primary,different_donor_probability_change,215,215,0.22969401909341,-0.10262919833753,0.76078063745408
klue_seed13,imprisonment_with_labor_lv,primary,new_different_donor_conversion,215,192,1.51041666666666,0.0,3.53862433862433
klue_seed13,imprisonment_without_labor_lv,exploratory,target_flip,5,5,0.0,0.0,0.0
klue_seed13,imprisonment_without_labor_lv,exploratory,different_donor_probability_change,5,5,0.93563675880432,0.06600125133991,1.69572715461254
klue_seed13,imprisonment_without_labor_lv,exploratory,new_different_donor_conversion,5,5,0.0,0.0,0.0
klue_seed42_retrained,fine_lv,primary,target_flip,68,68,2.94117647058823,-0.29411764705882,7.36029411764705
klue_seed42_retrained,fine_lv,primary,different_donor_probability_change,68,68,0.25494467713596,-0.49033661894089,1.22163232647375
klue_seed42_retrained,fine_lv,primary,new_different_donor_conversion,68,66,0.0,0.0,0.0
klue_seed42_retrained,imprisonment_with_labor_lv,primary,target_flip,215,215,2.93023255813953,0.8825581395348799,5.21046511627906
klue_seed42_retrained,imprisonment_with_labor_lv,primary,different_donor_probability_change,215,215,0.4239010479691,0.0016977680208118,0.97773742320037
klue_seed42_retrained,imprisonment_with_labor_lv,primary,new_different_donor_conversion,215,191,1.51832460732984,0.1990540540540499,3.3337628865979303
klue_seed42_retrained,imprisonment_without_labor_lv,exploratory,target_flip,5,5,0.0,0.0,0.0
klue_seed42_retrained,imprisonment_without_labor_lv,exploratory,different_donor_probability_change,5,5,0.20752075314521,-0.47836218774318,0.8322482258081401
klue_seed42_retrained,imprisonment_without_labor_lv,exploratory,new_different_donor_conversion,5,5,0.0,0.0,0.0
klue_seed100,fine_lv,primary,target_flip,68,68,3.23529411764705,-0.88235294117647,8.386029411764701
klue_seed100,fine_lv,primary,different_donor_probability_change,68,68,0.8914298358756799,0.05307548484929,1.97078537780736
klue_seed100,fine_lv,primary,new_different_donor_conversion,68,66,0.0,0.0,0.0
klue_seed100,imprisonment_with_labor_lv,primary,target_flip,215,215,4.41860465116279,1.95232558139534,7.211627906976741
klue_seed100,imprisonment_with_labor_lv,primary,different_donor_probability_change,215,215,0.34322934002117,-0.09282832777365,0.94467442736603
klue_seed100,imprisonment_with_labor_lv,primary,new_different_donor_conversion,215,189,1.64021164021164,0.0540467887242,3.7899749373433504
klue_seed100,imprisonment_without_labor_lv,exploratory,target_flip,5,5,6.0,0.0,18.0
klue_seed100,imprisonment_without_labor_lv,exploratory,different_donor_probability_change,5,5,-0.0769507884979199,-0.8009869158267899,0.8173755407333301
klue_seed100,imprisonment_without_labor_lv,exploratory,new_different_donor_conversion,5,5,0.0,0.0,0.0
koelectra_seed42,fine_lv,primary,target_flip,68,68,1.61764705882352,0.0,4.85294117647058
koelectra_seed42,fine_lv,primary,different_donor_probability_change,68,68,-0.0265753743074299,-0.75638867507907,0.7672916318509
koelectra_seed42,fine_lv,primary,new_different_donor_conversion,68,66,0.0,0.0,0.0
koelectra_seed42,imprisonment_with_labor_lv,primary,target_flip,215,215,2.3720930232558097,0.09302325581395,4.7906976744186
koelectra_seed42,imprisonment_with_labor_lv,primary,different_donor_probability_change,215,215,0.5651492556600299,0.10858438346253,1.20840889621136
koelectra_seed42,imprisonment_with_labor_lv,primary,new_different_donor_conversion,215,191,1.09947643979057,0.0,2.77233812529219
koelectra_seed42,imprisonment_without_labor_lv,exploratory,target_flip,5,5,0.0,0.0,0.0
koelectra_seed42,imprisonment_without_labor_lv,exploratory,different_donor_probability_change,5,5,0.04108920693397,-0.0717756748199399,0.13676199316978
koelectra_seed42,imprisonment_without_labor_lv,exploratory,new_different_donor_conversion,5,5,0.0,0.0,0.0
