model,target_subset,analysis_scope,contrast,metric,n_recipients,estimate,ci_low,ci_high,difference_pp,ci_low_pp,ci_high_pp
klue_original_audit42,fine_lv,primary,different_minus_same,mean_macro_f1,68,-0.0177760466483844,-0.0395413940095607,0.0014377878801391,-1.7776046648384398,-3.95413940095607,0.14377878801391
klue_original_audit42,fine_lv,primary,different_minus_same,joint_em,68,-0.0352941176470588,-0.0808823529411765,0.0014705882352941,-3.52941176470588,-8.08823529411765,0.14705882352941
klue_original_audit42,fine_lv,primary,different_minus_original,mean_macro_f1,68,-0.0091592274381592,-0.0287202460414651,0.0052884175053237,-0.91592274381592,-2.87202460414651,0.5288417505323699
klue_original_audit42,fine_lv,primary,different_minus_original,joint_em,68,-0.025,-0.0618382352941176,0.0,-2.5,-6.18382352941176,0.0
klue_original_audit42,fine_lv,primary,same_minus_original,mean_macro_f1,68,0.0086168192102251,-0.0049054691687198,0.032738612785207,0.8616819210225101,-0.49054691687198,3.2738612785206995
klue_original_audit42,fine_lv,primary,same_minus_original,joint_em,68,0.0102941176470587,-0.0088235294117647,0.0441176470588235,1.02941176470587,-0.88235294117647,4.41176470588235
klue_original_audit42,fine_lv,primary,removed_minus_original,mean_macro_f1,68,-0.0188751181194855,-0.0442224610262735,0.0076705005597839,-1.88751181194855,-4.422246102627351,0.76705005597839
klue_original_audit42,fine_lv,primary,removed_minus_original,joint_em,68,-0.1176470588235294,-0.2352941176470588,0.0,-11.76470588235294,-23.52941176470588,0.0
klue_original_audit42,imprisonment_with_labor_lv,primary,different_minus_same,mean_macro_f1,215,-0.0022368347855367,-0.0044332546190998,-0.0003905438895115,-0.22368347855367,-0.44332546190998,-0.03905438895115
klue_original_audit42,imprisonment_with_labor_lv,primary,different_minus_same,joint_em,215,-0.0255813953488371,-0.0493139534883722,-0.0051046511627906,-2.55813953488371,-4.93139534883722,-0.51046511627906
klue_original_audit42,imprisonment_with_labor_lv,primary,different_minus_original,mean_macro_f1,215,-0.0020582509820939,-0.0043864614618565,-0.0001960618483349,-0.20582509820939,-0.4386461461856499,-0.01960618483349
klue_original_audit42,imprisonment_with_labor_lv,primary,different_minus_original,joint_em,215,-0.0227906976744185,-0.0483837209302325,1.1627906976730524e-05,-2.27906976744185,-4.83837209302325,0.001162790697673
klue_original_audit42,imprisonment_with_labor_lv,primary,same_minus_original,mean_macro_f1,215,0.0001785838034427,-0.0003739222761086,0.0008145884687869,0.0178583803442699,-0.03739222761086,0.08145884687869
klue_original_audit42,imprisonment_with_labor_lv,primary,same_minus_original,joint_em,215,0.0027906976744186,-0.0041860465116279,0.0111627906976744,0.27906976744186,-0.41860465116279,1.11627906976744
klue_original_audit42,imprisonment_with_labor_lv,primary,removed_minus_original,mean_macro_f1,215,-0.0140042046351399,-0.0245879902276914,-0.0009881445171315,-1.40042046351399,-2.4587990227691403,-0.09881445171315
klue_original_audit42,imprisonment_with_labor_lv,primary,removed_minus_original,joint_em,215,-0.1720930232558138,-0.2372093023255814,-0.1069767441860464,-17.20930232558138,-23.72093023255814,-10.69767441860464
klue_original_audit42,imprisonment_without_labor_lv,exploratory,different_minus_same,mean_macro_f1,5,0.0,0.0,0.0,0.0,0.0,0.0
klue_original_audit42,imprisonment_without_labor_lv,exploratory,different_minus_same,joint_em,5,0.0,0.0,0.0,0.0,0.0,0.0
klue_original_audit42,imprisonment_without_labor_lv,exploratory,different_minus_original,mean_macro_f1,5,-5.551115123125783e-17,-5.551115123125783e-17,0.0,-5.551115123125783e-15,-5.551115123125783e-15,0.0
klue_original_audit42,imprisonment_without_labor_lv,exploratory,different_minus_original,joint_em,5,0.0,0.0,0.0,0.0,0.0,0.0
klue_original_audit42,imprisonment_without_labor_lv,exploratory,same_minus_original,mean_macro_f1,5,-5.551115123125783e-17,-5.551115123125783e-17,0.0,-5.551115123125783e-15,-5.551115123125783e-15,0.0
klue_original_audit42,imprisonment_without_labor_lv,exploratory,same_minus_original,joint_em,5,0.0,0.0,0.0,0.0,0.0,0.0
klue_original_audit42,imprisonment_without_labor_lv,exploratory,removed_minus_original,mean_macro_f1,5,-0.0193121693121693,-0.0656084656084656,0.0,-1.93121693121693,-6.56084656084656,0.0
klue_original_audit42,imprisonment_without_labor_lv,exploratory,removed_minus_original,joint_em,5,-0.1999999999999999,-0.6000000000000001,0.0,-19.99999999999999,-60.00000000000001,0.0
klue_seed13,fine_lv,primary,different_minus_same,mean_macro_f1,68,-0.0172263402918446,-0.0460621313365494,-6.361334171699921e-05,-1.72263402918446,-4.60621313365494,-0.0063613341716999
klue_seed13,fine_lv,primary,different_minus_same,joint_em,68,-0.0352941176470588,-0.0808823529411764,0.0014705882352941,-3.52941176470588,-8.088235294117641,0.14705882352941
klue_seed13,fine_lv,primary,different_minus_original,mean_macro_f1,68,-0.0174318602166079,-0.0464758364799982,-0.0001858656986083,-1.74318602166079,-4.64758364799982,-0.0185865698608299
klue_seed13,fine_lv,primary,different_minus_original,joint_em,68,-0.0397058823529411,-0.0838970588235294,-0.0029411764705882,-3.9705882352941098,-8.38970588235294,-0.29411764705882
klue_seed13,fine_lv,primary,same_minus_original,mean_macro_f1,68,-0.0002055199247632,-0.0012562088191119,0.0007557847079169,-0.02055199247632,-0.12562088191119,0.07557847079169
klue_seed13,fine_lv,primary,same_minus_original,joint_em,68,-0.0044117647058823,-0.013235294117647,0.0,-0.44117647058823,-1.3235294117647,0.0
klue_seed13,fine_lv,primary,removed_minus_original,mean_macro_f1,68,-0.0417698550336735,-0.0744263371106498,-0.012120125964905,-4.176985503367351,-7.44263371106498,-1.2120125964905
klue_seed13,fine_lv,primary,removed_minus_original,joint_em,68,-0.0735294117647058,-0.1911764705882352,0.0441176470588234,-7.35294117647058,-19.11764705882352,4.41176470588234
klue_seed13,imprisonment_with_labor_lv,primary,different_minus_same,mean_macro_f1,215,-0.0082693229791379,-0.0209293090499167,-0.0009873920621467,-0.82693229791379,-2.09293090499167,-0.09873920621467
klue_seed13,imprisonment_with_labor_lv,primary,different_minus_same,joint_em,215,-0.0297674418604652,-0.0530348837209304,-0.009767441860465,-2.97674418604652,-5.30348837209304,-0.9767441860465
klue_seed13,imprisonment_with_labor_lv,primary,different_minus_original,mean_macro_f1,215,-0.0085651901822969,-0.0212818098239096,-0.0012440364390199,-0.85651901822969,-2.12818098239096,-0.12440364390199
klue_seed13,imprisonment_with_labor_lv,primary,different_minus_original,joint_em,215,-0.0316279069767442,-0.0572093023255813,-0.0092906976744184,-3.16279069767442,-5.72093023255813,-0.92906976744184
klue_seed13,imprisonment_with_labor_lv,primary,same_minus_original,mean_macro_f1,215,-0.000295867203159,-0.0009016862370063,0.0001667182551373,-0.0295867203158999,-0.09016862370063,0.01667182551373
klue_seed13,imprisonment_with_labor_lv,primary,same_minus_original,joint_em,215,-0.001860465116279,-0.0111627906976744,0.0074418604651163,-0.1860465116279,-1.11627906976744,0.74418604651163
klue_seed13,imprisonment_with_labor_lv,primary,removed_minus_original,mean_macro_f1,215,-0.0284394793437295,-0.039365386361468,-0.015522938615969,-2.84394793437295,-3.9365386361468,-1.5522938615969
klue_seed13,imprisonment_with_labor_lv,primary,removed_minus_original,joint_em,215,-0.3023255813953489,-0.3674418604651162,-0.241860465116279,-30.232558139534888,-36.744186046511615,-24.1860465116279
klue_seed13,imprisonment_without_labor_lv,exploratory,different_minus_same,mean_macro_f1,5,0.0059259259259258,0.0,0.0228571428571428,0.59259259259258,0.0,2.2857142857142803
klue_seed13,imprisonment_without_labor_lv,exploratory,different_minus_same,joint_em,5,0.1599999999999999,0.0,0.48,15.99999999999999,0.0,48.0
klue_seed13,imprisonment_without_labor_lv,exploratory,different_minus_original,mean_macro_f1,5,-5.551115123125783e-17,-5.551115123125783e-17,0.0,-5.551115123125783e-15,-5.551115123125783e-15,0.0
klue_seed13,imprisonment_without_labor_lv,exploratory,different_minus_original,joint_em,5,0.0,0.0,0.0,0.0,0.0,0.0
klue_seed13,imprisonment_without_labor_lv,exploratory,same_minus_original,mean_macro_f1,5,-0.0059259259259259,-0.0228571428571429,0.0,-0.59259259259259,-2.28571428571429,0.0
klue_seed13,imprisonment_without_labor_lv,exploratory,same_minus_original,joint_em,5,-0.1599999999999999,-0.48,0.0,-15.99999999999999,-48.0,0.0
klue_seed13,imprisonment_without_labor_lv,exploratory,removed_minus_original,mean_macro_f1,5,0.0,0.0,0.0,0.0,0.0,0.0
klue_seed13,imprisonment_without_labor_lv,exploratory,removed_minus_original,joint_em,5,0.0,0.0,0.0,0.0,0.0,0.0
klue_seed42_retrained,fine_lv,primary,different_minus_same,mean_macro_f1,68,-0.0146692527762257,-0.0424855928808211,0.002951552180622,-1.46692527762257,-4.2485592880821095,0.2951552180622
klue_seed42_retrained,fine_lv,primary,different_minus_same,joint_em,68,-0.0323529411764705,-0.0808823529411764,0.0014705882352941,-3.23529411764705,-8.088235294117641,0.14705882352941
klue_seed42_retrained,fine_lv,primary,different_minus_original,mean_macro_f1,68,-0.0155021985719598,-0.043575447108004,0.0022081711903469,-1.55021985719598,-4.3575447108004,0.2208171190346899
klue_seed42_retrained,fine_lv,primary,different_minus_original,joint_em,68,-0.0514705882352941,-0.1059191176470588,-0.0088235294117647,-5.14705882352941,-10.59191176470588,-0.88235294117647
klue_seed42_retrained,fine_lv,primary,same_minus_original,mean_macro_f1,68,-0.0008329457957341,-0.0034006717174313,0.0007392487964141,-0.08329457957341,-0.34006717174313,0.07392487964141
klue_seed42_retrained,fine_lv,primary,same_minus_original,joint_em,68,-0.0191176470588235,-0.058860294117647,0.0029411764705882,-1.91176470588235,-5.886029411764699,0.29411764705882
klue_seed42_retrained,fine_lv,primary,removed_minus_original,mean_macro_f1,68,-0.0009721311056369,-0.025440167188572,0.0217947924748811,-0.09721311056369,-2.5440167188572,2.17947924748811
klue_seed42_retrained,fine_lv,primary,removed_minus_original,joint_em,68,0.0294117647058823,-0.0735294117647059,0.1323529411764705,2.94117647058823,-7.35294117647059,13.23529411764705
klue_seed42_retrained,imprisonment_with_labor_lv,primary,different_minus_same,mean_macro_f1,215,-0.0076554943481149,-0.018939101834429,-0.0011204780135954,-0.7655494348114901,-1.8939101834429,-0.11204780135954
klue_seed42_retrained,imprisonment_with_labor_lv,primary,different_minus_same,joint_em,215,-0.0297674418604649,-0.0506976744186046,-0.0111627906976744,-2.97674418604649,-5.06976744186046,-1.11627906976744
klue_seed42_retrained,imprisonment_with_labor_lv,primary,different_minus_original,mean_macro_f1,215,-0.0070553112360248,-0.0183236730842506,-0.000446032387844,-0.70553112360248,-1.83236730842506,-0.0446032387844
klue_seed42_retrained,imprisonment_with_labor_lv,primary,different_minus_original,joint_em,215,-0.0241860465116278,-0.0465116279069768,-0.0032558139534882,-2.41860465116278,-4.65116279069768,-0.32558139534882
klue_seed42_retrained,imprisonment_with_labor_lv,primary,same_minus_original,mean_macro_f1,215,0.00060018311209,-0.0001350456586324,0.0018196216616805,0.060018311209,-0.01350456586324,0.18196216616805
klue_seed42_retrained,imprisonment_with_labor_lv,primary,same_minus_original,joint_em,215,0.0055813953488371,-0.0018604651162791,0.0176976744186047,0.55813953488371,-0.18604651162791,1.76976744186047
klue_seed42_retrained,imprisonment_with_labor_lv,primary,removed_minus_original,mean_macro_f1,215,-0.0231922634949481,-0.0324662661684328,-0.0125226682500519,-2.31922634949481,-3.2466266168432805,-1.25226682500519
klue_seed42_retrained,imprisonment_with_labor_lv,primary,removed_minus_original,joint_em,215,-0.2511627906976744,-0.3116279069767441,-0.1953488372093023,-25.11627906976744,-31.16279069767441,-19.534883720930228
klue_seed42_retrained,imprisonment_without_labor_lv,exploratory,different_minus_same,mean_macro_f1,5,0.0,0.0,0.0,0.0,0.0,0.0
klue_seed42_retrained,imprisonment_without_labor_lv,exploratory,different_minus_same,joint_em,5,0.0,0.0,0.0,0.0,0.0,0.0
klue_seed42_retrained,imprisonment_without_labor_lv,exploratory,different_minus_original,mean_macro_f1,5,-5.551115123125783e-17,-5.551115123125783e-17,0.0,-5.551115123125783e-15,-5.551115123125783e-15,0.0
klue_seed42_retrained,imprisonment_without_labor_lv,exploratory,different_minus_original,joint_em,5,0.0,0.0,0.0,0.0,0.0,0.0
klue_seed42_retrained,imprisonment_without_labor_lv,exploratory,same_minus_original,mean_macro_f1,5,-5.551115123125783e-17,-5.551115123125783e-17,0.0,-5.551115123125783e-15,-5.551115123125783e-15,0.0
klue_seed42_retrained,imprisonment_without_labor_lv,exploratory,same_minus_original,joint_em,5,0.0,0.0,0.0,0.0,0.0,0.0
klue_seed42_retrained,imprisonment_without_labor_lv,exploratory,removed_minus_original,mean_macro_f1,5,-0.0444444444444444,-0.1037037037037037,0.0,-4.444444444444439,-10.37037037037037,0.0
klue_seed42_retrained,imprisonment_without_labor_lv,exploratory,removed_minus_original,joint_em,5,-0.3999999999999999,-0.8,0.0,-39.99999999999999,-80.0,0.0
klue_seed100,fine_lv,primary,different_minus_same,mean_macro_f1,68,-0.017041002700128,-0.0450496771267455,0.0029202157726182,-1.7041002700128,-4.50496771267455,0.29202157726182
klue_seed100,fine_lv,primary,different_minus_same,joint_em,68,-0.0338235294117646,-0.0824264705882353,0.0059191176470587,-3.38235294117646,-8.242647058823529,0.59191176470587
klue_seed100,fine_lv,primary,different_minus_original,mean_macro_f1,68,-0.0191660643587474,-0.0469759277060206,0.0005150516616722,-1.91660643587474,-4.69759277060206,0.05150516616722
klue_seed100,fine_lv,primary,different_minus_original,joint_em,68,-0.0499999999999999,-0.1030147058823529,-0.0058455882352941,-4.99999999999999,-10.30147058823529,-0.58455882352941
klue_seed100,fine_lv,primary,same_minus_original,mean_macro_f1,68,-0.0021250616586193,-0.0060219948977631,0.0004288835600242,-0.21250616586193,-0.60219948977631,0.04288835600242
klue_seed100,fine_lv,primary,same_minus_original,joint_em,68,-0.0161764705882353,-0.0588235294117646,0.0,-1.61764705882353,-5.88235294117646,0.0
klue_seed100,fine_lv,primary,removed_minus_original,mean_macro_f1,68,0.0155726847448478,-0.0171542301277735,0.0522071748902744,1.55726847448478,-1.71542301277735,5.22071748902744
klue_seed100,fine_lv,primary,removed_minus_original,joint_em,68,0.1470588235294117,0.0147058823529411,0.2794117647058823,14.705882352941169,1.47058823529411,27.941176470588232
klue_seed100,imprisonment_with_labor_lv,primary,different_minus_same,mean_macro_f1,215,-0.0082810609492936,-0.020471704056372,-0.0009702415532267,-0.82810609492936,-2.0471704056372,-0.09702415532267
klue_seed100,imprisonment_with_labor_lv,primary,different_minus_same,joint_em,215,-0.0306976744186047,-0.0572093023255813,-0.0083720930232558,-3.06976744186047,-5.72093023255813,-0.8372093023255801
klue_seed100,imprisonment_with_labor_lv,primary,different_minus_original,mean_macro_f1,215,-0.0080772769051364,-0.020314750703631,-0.0006485307414662,-0.8077276905136399,-2.0314750703631,-0.06485307414662
klue_seed100,imprisonment_with_labor_lv,primary,different_minus_original,joint_em,215,-0.0283720930232559,-0.0544186046511626,-0.0041744186046512,-2.83720930232559,-5.441860465116259,-0.41744186046512
klue_seed100,imprisonment_with_labor_lv,primary,same_minus_original,mean_macro_f1,215,0.0002037840441571,-0.0003786823810663,0.0011202065022618,0.02037840441571,-0.03786823810663,0.1120206502261799
klue_seed100,imprisonment_with_labor_lv,primary,same_minus_original,joint_em,215,0.0023255813953487,-0.0037209302325581,0.0116279069767442,0.23255813953487,-0.37209302325581,1.16279069767442
klue_seed100,imprisonment_with_labor_lv,primary,removed_minus_original,mean_macro_f1,215,-0.0321587703319347,-0.0448667922013152,-0.0170269230227885,-3.2158770331934696,-4.486679220131521,-1.70269230227885
klue_seed100,imprisonment_with_labor_lv,primary,removed_minus_original,joint_em,215,-0.3441860465116279,-0.4093023255813953,-0.2790697674418604,-34.41860465116279,-40.93023255813953,-27.90697674418604
klue_seed100,imprisonment_without_labor_lv,exploratory,different_minus_same,mean_macro_f1,5,-0.0035714285714285,-0.0114285714285714,0.0,-0.35714285714285,-1.14285714285714,0.0
klue_seed100,imprisonment_without_labor_lv,exploratory,different_minus_same,joint_em,5,0.0,0.0,0.0,0.0,0.0,0.0
klue_seed100,imprisonment_without_labor_lv,exploratory,different_minus_original,mean_macro_f1,5,-0.010978835978836,-0.0396825396825397,0.0,-1.0978835978836,-3.96825396825397,0.0
klue_seed100,imprisonment_without_labor_lv,exploratory,different_minus_original,joint_em,5,-0.1999999999999999,-0.6000000000000001,0.0,-19.99999999999999,-60.00000000000001,0.0
klue_seed100,imprisonment_without_labor_lv,exploratory,same_minus_original,mean_macro_f1,5,-0.0074074074074074,-0.0285714285714285,0.0,-0.74074074074074,-2.85714285714285,0.0
klue_seed100,imprisonment_without_labor_lv,exploratory,same_minus_original,joint_em,5,-0.1999999999999999,-0.6000000000000001,0.0,-19.99999999999999,-60.00000000000001,0.0
klue_seed100,imprisonment_without_labor_lv,exploratory,removed_minus_original,mean_macro_f1,5,-0.0193121693121693,-0.0656084656084656,0.0,-1.93121693121693,-6.56084656084656,0.0
klue_seed100,imprisonment_without_labor_lv,exploratory,removed_minus_original,joint_em,5,-0.1999999999999999,-0.6000000000000001,0.0,-19.99999999999999,-60.00000000000001,0.0
koelectra_seed42,fine_lv,primary,different_minus_same,mean_macro_f1,68,-0.017385656134517,-0.043568380986707,-0.0007611143191667,-1.7385656134517,-4.3568380986707,-0.07611143191667
koelectra_seed42,fine_lv,primary,different_minus_same,joint_em,68,-0.0455882352941176,-0.0926470588235293,-0.0117279411764705,-4.55882352941176,-9.264705882352931,-1.17279411764705
koelectra_seed42,fine_lv,primary,different_minus_original,mean_macro_f1,68,-0.0066458626325752,-0.0292040487283455,0.007645487037037,-0.66458626325752,-2.92040487283455,0.7645487037037
koelectra_seed42,fine_lv,primary,different_minus_original,joint_em,68,-0.0205882352941176,-0.0735294117647059,0.0236764705882351,-2.05882352941176,-7.35294117647059,2.36764705882351
koelectra_seed42,fine_lv,primary,same_minus_original,mean_macro_f1,68,0.0107397935019417,-0.0018611024825739,0.036570863023985,1.07397935019417,-0.18611024825739,3.6570863023985
koelectra_seed42,fine_lv,primary,same_minus_original,joint_em,68,0.025,-0.0279411764705882,0.0779411764705882,2.5,-2.79411764705882,7.79411764705882
koelectra_seed42,fine_lv,primary,removed_minus_original,mean_macro_f1,68,-0.00479340385882,-0.0278279208938284,0.0172089710724761,-0.479340385882,-2.78279208938284,1.7208971072476102
koelectra_seed42,fine_lv,primary,removed_minus_original,joint_em,68,0.088235294117647,-0.0003676470588235,0.1911764705882352,8.8235294117647,-0.03676470588235,19.11764705882352
koelectra_seed42,imprisonment_with_labor_lv,primary,different_minus_same,mean_macro_f1,215,-0.0079005607676358,-0.0211652080461765,-0.0005721558872804,-0.7900560767635799,-2.1165208046176502,-0.0572155887280399
koelectra_seed42,imprisonment_with_labor_lv,primary,different_minus_same,joint_em,215,-0.0227906976744184,-0.0451162790697673,-0.0037209302325581,-2.27906976744184,-4.51162790697673,-0.37209302325581
koelectra_seed42,imprisonment_with_labor_lv,primary,different_minus_original,mean_macro_f1,215,-0.0012371347839695,-0.003136692359087,0.0004397695966007,-0.12371347839695,-0.3136692359087,0.04397695966007
koelectra_seed42,imprisonment_with_labor_lv,primary,different_minus_original,joint_em,215,-0.0172093023255812,-0.0386162790697675,0.0014069767441861,-1.72093023255812,-3.86162790697675,0.14069767441861
koelectra_seed42,imprisonment_with_labor_lv,primary,same_minus_original,mean_macro_f1,215,0.0066634259836662,-0.0001019198432892,0.0193358142417385,0.66634259836662,-0.01019198432892,1.93358142417385
koelectra_seed42,imprisonment_with_labor_lv,primary,same_minus_original,joint_em,215,0.0055813953488371,-0.0023255813953487,0.0176744186046511,0.55813953488371,-0.23255813953487,1.76744186046511
koelectra_seed42,imprisonment_with_labor_lv,primary,removed_minus_original,mean_macro_f1,215,-0.010393281055461,-0.0240346271911508,0.0030138737119388,-1.0393281055461,-2.40346271911508,0.30138737119388
koelectra_seed42,imprisonment_with_labor_lv,primary,removed_minus_original,joint_em,215,-0.227906976744186,-0.2883720930232558,-0.1674418604651162,-22.7906976744186,-28.83720930232558,-16.74418604651162
koelectra_seed42,imprisonment_without_labor_lv,exploratory,different_minus_same,mean_macro_f1,5,0.0,0.0,0.0,0.0,0.0,0.0
koelectra_seed42,imprisonment_without_labor_lv,exploratory,different_minus_same,joint_em,5,0.0,0.0,0.0,0.0,0.0,0.0
koelectra_seed42,imprisonment_without_labor_lv,exploratory,different_minus_original,mean_macro_f1,5,-5.551115123125783e-17,-5.551115123125783e-17,0.0,-5.551115123125783e-15,-5.551115123125783e-15,0.0
koelectra_seed42,imprisonment_without_labor_lv,exploratory,different_minus_original,joint_em,5,0.0,0.0,0.0,0.0,0.0,0.0
koelectra_seed42,imprisonment_without_labor_lv,exploratory,same_minus_original,mean_macro_f1,5,-5.551115123125783e-17,-5.551115123125783e-17,0.0,-5.551115123125783e-15,-5.551115123125783e-15,0.0
koelectra_seed42,imprisonment_without_labor_lv,exploratory,same_minus_original,joint_em,5,0.0,0.0,0.0,0.0,0.0,0.0
koelectra_seed42,imprisonment_without_labor_lv,exploratory,removed_minus_original,mean_macro_f1,5,-0.0341269841269841,-0.0992592592592592,-5.551115123125783e-17,-3.4126984126984103,-9.92592592592592,-5.551115123125783e-15
koelectra_seed42,imprisonment_without_labor_lv,exploratory,removed_minus_original,joint_em,5,-0.3999999999999999,-0.8,0.0,-39.99999999999999,-80.0,0.0
