condition,target,support,accuracy,delta_accuracy,macro_f1,delta_macro_f1
original,fine_lv,351,0.7806267806267806,0.0,0.45601408133825644,0.0
original,imprisonment_with_labor_lv,351,0.6552706552706553,0.0,0.3970847562659554,0.0
original,imprisonment_without_labor_lv,351,0.9886039886039886,0.0,0.33304221251819505,0.0
marker_removed,fine_lv,351,0.7749287749287749,-0.005698005698005715,0.4593492685773734,0.0033351872391169657
marker_removed,imprisonment_with_labor_lv,351,0.6752136752136753,0.019943019943019946,0.4380902366405206,0.041005480374565195
marker_removed,imprisonment_without_labor_lv,351,0.9886039886039886,0.0,0.33304221251819505,0.0
sentence_removed,fine_lv,351,0.6809116809116809,-0.09971509971509973,0.39034638172965674,-0.0656676996085997
sentence_removed,imprisonment_with_labor_lv,351,0.584045584045584,-0.07122507122507127,0.4154874576284357,0.01840270136248029
sentence_removed,imprisonment_without_labor_lv,351,0.9829059829059829,-0.005698005698005715,0.30792811839323464,-0.025114094124960407
