seed,target,accuracy,macro_f1,weighted_f1,support
13,fine_lv,0.6885714285714286,0.4572005772005772,0.6714244485673058,1050
13,imprisonment_with_labor_lv,0.6961904761904761,0.4603841708050005,0.6927134200572392,1050
13,imprisonment_without_labor_lv,0.9428571428571428,0.33204432698103586,0.9405375496514737,1050
42,fine_lv,0.6885714285714286,0.44670701598957085,0.6623872574403374,1050
42,imprisonment_with_labor_lv,0.6742857142857143,0.45463852169915814,0.6803488073104589,1050
42,imprisonment_without_labor_lv,0.940952380952381,0.3303475506175107,0.9391022538210453,1050
100,fine_lv,0.6895238095238095,0.4501893417246001,0.6694801561248118,1050
100,imprisonment_with_labor_lv,0.6876190476190476,0.4627903944767242,0.6920591640792991,1050
100,imprisonment_without_labor_lv,0.940952380952381,0.33042302830463466,0.939548957797628,1050
