scope,comparison,agreement_rate,disagreement_rate,support
fine_lv,13_vs_42,0.9161904761904762,0.08380952380952378,1050
fine_lv,13_vs_100,0.9304761904761905,0.06952380952380954,1050
fine_lv,42_vs_100,0.9171428571428571,0.08285714285714285,1050
fine_lv,all_three_seeds,0.8819047619047619,0.11809523809523814,1050
imprisonment_with_labor_lv,13_vs_42,0.8961904761904762,0.1038095238095238,1050
imprisonment_with_labor_lv,13_vs_100,0.9104761904761904,0.08952380952380956,1050
imprisonment_with_labor_lv,42_vs_100,0.9219047619047619,0.0780952380952381,1050
imprisonment_with_labor_lv,all_three_seeds,0.8676190476190476,0.13238095238095238,1050
imprisonment_without_labor_lv,13_vs_42,0.9961904761904762,0.003809523809523818,1050
imprisonment_without_labor_lv,13_vs_100,0.9933333333333333,0.00666666666666671,1050
imprisonment_without_labor_lv,42_vs_100,0.9952380952380953,0.004761904761904745,1050
imprisonment_without_labor_lv,all_three_seeds,0.9923809523809524,0.007619047619047636,1050
joint_prediction,13_vs_42,0.8428571428571429,0.15714285714285714,1050
joint_prediction,13_vs_100,0.86,0.14,1050
joint_prediction,42_vs_100,0.8628571428571429,0.13714285714285712,1050
joint_prediction,all_three_seeds,0.7904761904761904,0.20952380952380956,1050
