scope,metric,n_seeds,mean,std_sample,min,max,range
fine_lv,accuracy,3,0.688888888888889,0.0005498573992282003,0.6885714285714286,0.6895238095238095,0.0009523809523809268
fine_lv,macro_f1,3,0.45136564497158277,0.0053447613341411895,0.44670701598957085,0.4572005772005772,0.010493561211006364
fine_lv,weighted_f1,3,0.6677639540441517,0.0047567549918600405,0.6623872574403374,0.6714244485673058,0.009037191126968325
imprisonment_with_labor_lv,accuracy,3,0.686031746031746,0.011038310254421386,0.6742857142857143,0.6961904761904761,0.02190476190476187
imprisonment_with_labor_lv,macro_f1,3,0.45927102899362765,0.004188385245482508,0.45463852169915814,0.4627903944767242,0.008151872777566072
imprisonment_with_labor_lv,weighted_f1,3,0.688373797148999,0.006957539734178505,0.6803488073104589,0.6927134200572392,0.012364612746780357
imprisonment_without_labor_lv,accuracy,3,0.9415873015873016,0.0010997147984564005,0.940952380952381,0.9428571428571428,0.0019047619047618536
imprisonment_without_labor_lv,macro_f1,3,0.33093830196772706,0.0009585889201643884,0.3303475506175107,0.33204432698103586,0.0016967763635251654
imprisonment_without_labor_lv,weighted_f1,3,0.939729587090049,0.0007344989694830777,0.9391022538210453,0.9405375496514737,0.0014352958304284513
aggregate,mean_macro_f1,3,0.4138583253109791,0.003035539725950056,0.4105643627687465,0.4165430249955378,0.005978662226791276
aggregate,joint_exact_match,3,0.5238095238095238,0.007559289460184572,0.518095238095238,0.5323809523809524,0.014285714285714346
